id;name;pin;email;phone
1;calculate networks;75660;Greta63@yahoo.com;36201
2;Realigned;15435;Betsy36@yahoo.com;11173
3;withdrawal;9385;Corrine.Wuckert0@hotmail.com;27282
4;bandwidth-monitored Underpass;71090;Laurence.Gaylord34@yahoo.com;49609
5;Isle cross-platform;7230;Julio.Shanahan@hotmail.com;92208
6;Albania;54263;Unique49@hotmail.com;44093
7;Plastic;11750;Fern.Ortiz73@gmail.com;65341
8;portals Factors;64329;Dedrick_Cremin@gmail.com;95498
9;interface;17463;Fredy_Ziemann@hotmail.com;54588
10;lavender Plastic;8893;Louie_Lang24@yahoo.com;4060
