id;name;address;time_zone;wifi_password
1;olive capability maroon;silver Plastic;compelling Concrete teal;partnerships Borders
2;SSL Facilitator;Guarani SCSI;Kina Open-source;Marketing
3;Kwacha Borders;Ergonomic Future-proofed reboot;Connecticut turn-key Bulgarian;Kazakhstan Account mission-critical
4;TCP compress Spur;Borders Tugrik Mouse;indexing orange;Open-source circuit
5;Ergonomic parsing;wireless;programming Account;Bhutanese
6;magenta e-tailers;global quantifying;neural Specialist;Interactions
7;multi-tasking Liaison;JSON facilitate;deliver Home Electronics;optical Table
8;Fresh;Loan stable project;Metal Books Market;withdrawal Associate Table
9;Branding;HTTP Baby grow;Mobility red Cotton;Handmade Up-sized artificial
10;Profit-focused Books Haiti;protocol Sports Arizona;relationships up back;Credit Plastic
