id;name;email;phone
1;Human Music;Freddy_Sipes45@yahoo.com;64916
2;Hat Maryland;Delores79@yahoo.com;19645
3;payment deposit;Giovani.Hettinger@yahoo.com;30083
4;Avon Refined;Korbin.Johnson56@hotmail.com;83116
5;Italy;Vallie.Denesik29@hotmail.com;99001
6;Uruguayo;Bernhard5@hotmail.com;81009
7;Clothing Clothing;Felicita_Keeling@yahoo.com;99109
8;Greenland logistical;Nella_Gusikowski61@gmail.com;9588
9;Colorado Concrete invoice;Destin22@hotmail.com;23921
10;Nakfa;Patsy_Breitenberg73@gmail.com;23954
